meanfreq,label
0.0597809849598081,1
0.066008740387572,1
0.0773155026958227,1
0.151228091724635,1
0.135120387296677,1
0.132786407306188,1
0.150762330177465,1
0.160514332166817,1
0.142239416807037,1
0.134328777309825,1
0.157020511056795,1
0.138550521389033,1
0.137342741880723,1
0.181225459373767,1
0.183115280687352,1
0.174272105181833,1
0.190846297652897,1
0.171246971349986,1
0.168345946168349,1
0.173631376053858,1
0.172754287202847,1
0.181015393833521,1
0.163535853470868,1
0.170212797508261,1
0.160422476518119,1
0.164699838046527,1
0.169578801414252,1
0.169021003926254,1
0.167340238692684,1
0.180527821446414,1
0.153039047583376,1
0.166659498779566,1
0.175659428789724,1
0.174825733261765,1
0.174064613695703,1
0.159530491241504,1
0.167648361378834,1
0.172436385879824,1
0.162981115748587,1
0.170209847645069,1
0.171400807336282,1
0.146886153673949,1
0.16676378549101,1
0.15369186058473,1
0.168011338642239,1
0.148281382593677,1
0.158595955363442,1
0.163643181592107,1
0.158656925362715,1
0.137892820110534,1
0.142715585277193,1
0.135052913878465,1
0.141460760257104,1
0.141280115203801,1
0.153851203359432,1
0.145640704681931,1
0.144858406886277,1
0.1216833625632,1
0.135649932073862,1
0.100399417117533,1
0.12508754695446,1
0.143486162153973,1
0.14319682986112,1
0.145532381420409,1
0.162065429308294,1
0.142961232796001,1
0.141153447129287,1
0.167334035283754,1
0.167850312282449,1
0.185098438684619,1
0.167761537790356,1
0.171093501653115,1
0.167083053910901,1
0.20083014539431,1
0.137095643270578,1
0.190324562906176,1
0.187139453483911,1
0.184354869291192,1
0.200041812028846,1
0.175681867819703,1
0.184850896798643,1
0.182630135265638,1
0.196463262275326,1
0.191310915373492,1
0.196006020482155,1
0.19146168226457,1
0.193769347182395,1
0.194920924758581,1
0.19380818884295,1
0.193588997357512,1
0.198295355925475,1
0.198778045933157,1
0.206312235365448,1
0.117777702907523,1
0.105782027458949,1
0.107009363802203,1
0.119006303194228,1
0.082525587877358,1
0.130673638443194,1
0.0967252773068593,1
0.119976655984898,1
0.106860842234369,1
0.100905502373324,1
0.169505758654395,1
0.16331310614408,1
0.160925334939986,1
0.164859947416897,1
0.177427698163886,1
0.176685284006914,1
0.179028925506793,1
0.16635344904948,1
0.173756783156937,1
0.168023267780157,1
0.169352533150399,1
0.13041097895475,1
0.116779075319319,1
0.107161889911137,1
0.13109972671267,1
0.126194802948069,1
0.107129882779082,1
0.164801331547495,1
0.174842857480973,1
0.164958845443044,1
0.162515084965328,1
0.17234640031282,1
0.16770512824471,1
0.168622539915914,1
0.166402126485309,1
0.169081837993132,1
0.160199487020457,1
0.200814727715791,1
0.208676974733148,1
0.214956444786024,1
0.211484996090081,1
0.206924319928628,1
0.107825210798537,1
0.115866233077351,1
0.113203353346107,1
0.0851506135192176,1
0.115618687964896,1
0.113315912996052,1
0.119213317289534,1
0.105493079183716,1
0.108456020993145,1
0.0998539810982611,1
0.145026456307478,1
0.138468276741923,1
0.0979150602667037,1
0.136481726482611,1
0.135724314678511,1
0.105873230585693,1
0.112636548671498,1
0.116288597782118,1
0.113287650001159,1
0.122448464946744,1
0.174297911624108,1
0.164973473208097,1
0.165807663102934,1
0.155057253481215,1
0.170310011068915,1
0.163180093857141,1
0.16174072414711,1
0.160984675084245,1
0.169875811248513,1
0.171829295356265,1
0.168957754136657,1
0.16646939815736,1
0.147872770637509,1
0.148742418150761,1
0.138676548890239,1
0.150704948721652,1
0.15430563572488,1
0.154811853763153,1
0.167105280056346,1
0.188814880251645,1
0.134961588077945,1
0.142010214070251,1
0.141046605940704,1
0.146683932675445,1
0.134105720626704,1
0.13729500881056,1
0.141913031645417,1
0.1393327014016,1
0.134991571063835,1
0.145020841136659,1
0.111692075989485,1
0.133431190306441,1
0.110682667529229,1
0.128337349898811,1
0.133594831554796,1
0.128461597215403,1
0.118850223959453,1
0.141909368373887,1
0.11376371575282,1
0.150862474929074,1
0.137313249497281,1
0.144523570260138,1
0.145530570448817,1
0.138794665311664,1
0.149095715575162,1
0.145027257360602,1
0.149560765780336,1
0.148974343095987,1
0.159905386526041,1
0.146143733587507,1
0.171766033018707,1
0.153503740031818,1
0.168304611196116,1
0.149826808029229,1
0.183792890764747,1
0.14919217323046,1
0.155399607391882,1
0.167347484969952,1
0.166612681102571,1
0.149992573629556,1
0.173168211549185,1
0.177641968636382,1
0.173184406088637,1
0.163668454558969,1
0.185592178639536,1
0.163194494452727,1
0.174940014355275,1
0.177702059392396,1
0.188636890060515,1
0.178219896307931,1
0.174805537198628,1
0.0994244101427409,1
0.124061765667002,1
0.116339979226607,1
0.128032882531837,1
0.124882635428275,1
0.136521091816609,1
0.213732371709091,1
0.120882625458816,1
0.130656207984401,1
0.141769237621721,1
0.110820255078218,1
0.113420450240725,1
0.117323088315274,1
0.122911111973209,1
0.122217801281866,1
0.120109580647491,1
0.130000828796637,1
0.122232696095767,1
0.110310688819871,1
0.108406688824369,1
0.125249217244195,1
0.118448742784077,1
0.137523380133708,1
0.1200078196605,1
0.124189516821025,1
0.134334619358958,1
0.126625550283918,1
0.130311595543785,1
0.131091215629483,1
0.112516490362094,1
0.224382350013697,1
0.221101809470891,1
0.219193733309291,1
0.220189779951354,1
0.225582197675746,1
0.223091747452828,1
0.222858593227754,1
0.22501241794761,1
0.220832088757165,1
0.221884893097278,1
0.146479688191456,1
0.1503960797714,1
0.140897429061206,1
0.143251917769361,1
0.142018090561114,1
0.145987970802798,1
0.14000801034295,1
0.138607882598261,1
0.143060223394683,1
0.151400509219079,1
0.166702183944084,1
0.163451395458037,1
0.159683888475438,1
0.166783350120461,1
0.165367601515744,1
0.167167998269431,1
0.165822738994176,1
0.169675291541461,1
0.16504496888728,1
0.167060104449327,1
0.169344454085239,1
0.16139339341425,1
0.17699199191799,1
0.171409390613785,1
0.0757009859039162,1
0.0482540751859225,1
0.0596454867381567,1
0.0974639001050904,1
0.0621823118609672,1
0.0805712834006217,1
0.0793688663890515,1
0.0848065447872608,1
0.213732371709091,1
0.19932052627914,1
0.198693671926771,1
0.201900171997016,1
0.203616685596249,1
0.209631959698605,1
0.208580697670003,1
0.195322903396527,1
0.193204689918693,1
0.199662152779838,1
0.196417513378714,1
0.206392859715211,1
0.197425728275017,1
0.205080371412695,1
0.161385769814879,1
0.154383414037743,1
0.152650891148533,1
0.156605509761949,1
0.157601084713327,1
0.157013279649406,1
0.155076463818065,1
0.154977717240384,1
0.153218480112319,1
0.152132514374701,1
0.154433826066903,1
0.156930642933999,1
0.158180583685761,1
0.153900316504485,1
0.153904875365549,1
0.154345078061347,1
0.16086218212266,1
0.158373857329965,1
0.154637160518714,1
0.158008677836942,1
0.158993749007326,1
0.166103114079413,1
0.16239089652405,1
0.164086018335543,1
0.158466257174364,1
0.161176007604253,1
0.158300109135477,1
0.152752794688866,1
0.147733873983304,1
0.145859236977599,1
0.149611774760845,1
0.155434699965304,1
0.159621373688141,1
0.158040154323834,1
0.160500640284798,1
0.158272151328019,1
0.155595180612626,1
0.150899011978933,1
0.151836487051684,1
0.155364484214153,1
0.159510792245486,1
0.15418957504541,1
0.156321175603224,1
0.153381753379827,1
0.146756904639201,1
0.162613804473338,1
0.152234573053014,1
0.165155638218331,1
0.16775566316893,1
0.155535431753113,1
0.145720764202885,1
0.139583068151053,1
0.145132660051701,1
0.119621591649924,1
0.13315763116646,1
0.126735084444413,1
0.127124645652606,1
0.132854630944081,1
0.18871643142706,1
0.181494959091043,1
0.192275378495673,1
0.203082755698515,1
0.166857555684676,1
0.187391060673439,1
0.194088200287042,1
0.185908157327131,1
0.178027567272888,1
0.187952069004222,1
0.191695425829813,1
0.189748980146736,1
0.18840835645506,1
0.18221902134964,1
0.187054737350388,1
0.17677539624951,1
0.153610337017027,1
0.187299264586976,1
0.157271986493117,1
0.183141690770791,1
0.201387416160281,1
0.186237863234528,1
0.194414168515679,1
0.18711449570051,1
0.180909867223268,1
0.188575330317476,1
0.192898668117474,1
0.190970365509418,1
0.187092861422563,1
0.181902624335104,1
0.160362608300531,1
0.190526304902629,1
0.183018208364852,1
0.190442983729727,1
0.195946840598821,1
0.194610652438365,1
0.193604700597014,1
0.186411124030289,1
0.193800839171614,1
0.167281420660862,1
0.188100333551646,1
0.186064229797165,1
0.186823707190707,1
0.19414334162547,1
0.188859729950779,1
0.175929104195083,1
0.193228993388696,1
0.190071642944955,1
0.190836909803466,1
0.194639406318436,1
0.17645705803422,1
0.199280686832276,1
0.179659120269972,1
0.194606312815826,1
0.204981834035988,1
0.196425257837298,1
0.190982604668008,1
0.193812334807607,1
0.18230645857278,1
0.186898029740229,1
0.189611564848708,1
0.186084811352226,1
0.19213397157009,1
0.166416082023536,1
0.199614516396955,1
0.12945252973484,1
0.183109872502572,1
0.195051922568382,1
0.194983781261983,1
0.183124767973203,1
0.186511164867291,1
0.186307260212104,1
0.187740126437495,1
0.188610534501954,1
0.187126949309973,1
0.189498676348088,1
0.178618409296533,1
0.175614173427788,1
0.194780944465327,1
0.177096208759658,1
0.184848296534312,1
0.18620792496891,1
0.165026456348144,1
0.0858316065471852,1
0.0393633425835608,1
0.146393370987463,1
0.132951181657262,1
0.138353785122478,1
0.171756111764846,1
0.136473791237421,1
0.128093693012867,1
0.129027921569142,1
0.150227240649043,1
0.12213446663004,1
0.142488926197212,1
0.128814532208159,1
0.183966744998277,1
0.173630394598895,1
0.18119146859112,1
0.184187312846876,1
0.187038222619017,1
0.187508937517199,1
0.193306449435416,1
0.192391211308298,1
0.193976816243307,1
0.184306163683065,1
0.195273945254398,1
0.189331395078705,1
0.170462848133659,1
0.161490005282343,1
0.153327066015167,1
0.18906495028061,1
0.197205246337333,1
0.199253439910797,1
0.150704184503827,1
0.138336323031331,1
0.156862418598298,1
0.15216792502034,1
0.144681384102165,1
0.162226812579405,1
0.126679195008177,1
0.157578737005072,1
0.156462933114379,1
0.130536602629431,1
0.196022704711885,1
0.200513094818464,1
0.199619534056918,1
0.202450068548052,1
0.207534421740206,1
0.14071692787987,1
0.212619816910248,1
0.201428028713925,1
0.205776113649037,1
0.2065069377474,1
0.135916935458062,1
0.159270116072439,1
0.160374899938159,1
0.160468200981179,1
0.130917546547937,1
0.137654742945402,1
0.153446982775851,1
0.163812988927306,1
0.152937489548347,1
0.15462310484897,1
0.139546332570653,1
0.141730340392627,1
0.152080515980076,1
0.150002434622111,1
0.141262751040893,1
0.144461439966255,1
0.148932668273374,1
0.147380704865186,1
0.132709974832758,1
0.115557339807295,1
0.133108102155568,1
0.133405139998929,1
0.126405749358409,1
0.130041559420507,1
0.128899303946204,1
0.138850843679527,1
0.133107894551095,1
0.135603866543492,1
0.12900312633846,1
0.125830380507984,1
0.169634629445826,1
0.145676199982737,1
0.150660627332232,1
0.137412268117049,1
0.148504902882594,1
0.129494630835827,1
0.141017301322047,1
0.124434552463985,1
0.140373168388339,1
0.142133366357538,1
0.136930257059756,1
0.129408890549603,1
0.141598185224657,1
0.155171185326061,1
0.164710427783925,1
0.169446227850074,1
0.171524781357938,1
0.165675768115813,1
0.175236546760989,1
0.173356130314581,1
0.167688531356774,1
0.177154006090898,1
0.167092111228909,1
0.135439920944703,1
0.11133671683626,1
0.126490156722992,1
0.143503898029187,1
0.0984012637236998,1
0.133789167095246,1
0.14210779066342,1
0.125046512710596,1
0.118012458199562,1
0.146408769257035,1
0.147246228467385,1
0.136544994819496,1
0.131649275528868,1
0.136619900905995,1
0.136357872715555,1
0.113998321348018,1
0.134280484364213,1
0.131286983211723,1
0.146211067453349,1
0.114047962714921,1
0.13048390863126,1
0.163449140726326,1
0.158351723241479,1
0.194226393735971,1
0.183167357531277,1
0.166508275187776,1
0.190603691148289,1
0.174151583676517,1
0.173094591616863,1
0.180052131225165,1
0.18774139707265,1
0.174623241143111,1
0.195126971088906,1
0.187102575043844,1
0.179253334989824,1
0.183001513928352,1
0.204096023324395,1
0.187881443431013,1
0.170904351913917,1
0.16931040372246,1
0.167901402607754,1
0.169667925630139,1
0.172242859489748,1
0.169736246982977,1
0.168790829817161,1
0.169100155792767,1
0.165101812126933,1
0.169299932809682,1
0.161798948327181,1
0.141996009446705,1
0.151755274716118,1
0.155791035791007,1
0.132078768281568,1
0.156413665527814,1
0.134505931672854,1
0.169411839888985,1
0.155245843927857,1
0.14988688274853,1
0.159722448944664,1
0.157421445832095,1
0.170624945979704,1
0.113848479829544,1
0.167498444219671,1
0.165146872051729,1
0.146445287758988,1
0.169186047892606,1
0.136065630956284,1
0.157534008048765,1
0.156780763095575,1
0.159333402788607,1
0.164565494732381,1
0.146240822189093,1
0.138546156107328,1
0.141419399798534,1
0.135681635528123,1
0.161037847853881,1
0.112447709523631,1
0.155223572722049,1
0.162410549902868,1
0.124929626308851,1
0.141964823717036,1
0.176505733884467,1
0.160625873271433,1
0.156032242057394,1
0.0746750830668221,1
0.092578894206037,1
0.101277916320729,1
0.0914363349246367,1
0.137206216866728,1
0.152670014949406,1
0.1717128710597,1
0.143808838882244,1
0.152846475494878,1
0.151462713566517,1
0.13844648883951,1
0.157952768342586,1
0.0979861935168842,1
0.141078075761543,1
0.14650598812457,1
0.158623392273302,1
0.159791677544487,1
0.113668887216221,1
0.151171349850652,1
0.161332549947524,1
0.127479756531671,1
0.155192655307259,1
0.146755191863153,1
0.15521909133343,1
0.165368522574341,1
0.174185611505543,1
0.171727314171184,1
0.176459313536597,1
0.177694878513132,1
0.176352183478169,1
0.156120751761127,1
0.152185584006062,1
0.152266536880836,1
0.149790787371216,1
0.155785368058964,1
0.156147038141177,1
0.149948362357808,1
0.159003323573673,1
0.159321346493602,1
0.156240401651651,1
0.150051976143662,1
0.15067215677041,1
0.151921812966237,1
0.153062675487726,1
0.150139716083146,1
0.155867356107904,1
0.155130130466954,1
0.153817457008729,1
0.153715932575331,1
0.153085133034017,1
0.157644191314507,1
0.155181094309794,1
0.153942990690025,1
0.153964544697901,1
0.157915103321017,1
0.162173227008715,1
0.156166413008131,1
0.162064966554606,1
0.152736965644246,1
0.154292082480072,1
0.156767005076604,1
0.154152441675604,1
0.149878323919105,1
0.150108822534518,1
0.149456886810862,1
0.152130599125522,1
0.151531524374169,1
0.157614967322428,1
0.151472179269969,1
0.155263814583009,1
0.156515060157169,1
0.155523798845861,1
0.15168444443407,1
0.153086878828111,1
0.151356431167559,1
0.151334348687429,1
0.147805726264527,1
0.147936620268291,1
0.159023392788525,1
0.155586912569314,1
0.151272282988463,1
0.148920935313227,1
0.168052375223946,1
0.163779193132155,1
0.178051398902744,1
0.159451662675716,1
0.16768473059239,1
0.160450208872965,1
0.167116727619192,1
0.158040661775569,1
0.163541346640674,1
0.162438929703756,1
0.160560924684563,1
0.17013601221381,1
0.16885421383842,1
0.175469839872799,1
0.16888488208043,1
0.159195299298658,1
0.165598297508511,1
0.157276533659177,1
0.165461618788169,1
0.169633438493496,1
0.166018419914573,1
0.16955370557131,1
0.165976876631683,1
0.158721582922632,1
0.162895857909129,1
0.164228315995005,1
0.165911922711796,1
0.165454626173474,1
0.16850457604406,1
0.165658876366301,1
0.166233548510141,1
0.158367824115234,1
0.172390938098621,1
0.166689475323255,1
0.163515127872183,1
0.165899508455569,1
0.169797629961984,1
0.171958806992102,1
0.153896473576761,1
0.175527574462894,1
0.165048683221018,1
0.16604609442169,1
0.162336772565539,1
0.16725470053105,1
0.167021269589782,1
0.166973593729017,1
0.168148745388227,1
0.171168597071139,1
0.165862874654753,1
0.163001802289581,1
0.166741898047683,1
0.161420941516869,1
0.169331509313195,1
0.169796447081764,1
0.176309320109794,1
0.172459445193393,1
0.17075249426561,1
0.16484856797824,1
0.168243126934871,1
0.169341632526375,1
0.165553010963525,1
0.165439338525467,1
0.172235455884178,1
0.16658021272027,1
0.159346917205601,1
0.168424394107271,1
0.173225138901827,1
0.164942112269189,1
0.169951091387296,1
0.165341491680893,1
0.162046926975257,1
0.149864155572321,1
0.168317050472107,1
0.157992576362099,1
0.174645538702466,1
0.175235662190787,1
0.173665777645227,1
0.161859039432101,1
0.161131593738888,1
0.167335715926202,1
0.16242894786837,1
0.173483471125742,1
0.164389078891854,1
0.168022338541234,1
0.180360211314565,1
0.191151287777038,1
0.176481561298998,1
0.182516929922666,1
0.17320179510437,1
0.175608546687241,1
0.173764677035682,1
0.168762985829031,1
0.18474921456037,1
0.180792175240865,1
0.184388044058264,1
0.178491210869847,1
0.18401216145293,1
0.190270482243448,1
0.179085045441121,1
0.18587629411924,1
0.181054946573547,1
0.180642798096748,1
0.183981013511338,1
0.192943299412004,1
0.172044323030348,1
0.17371648015354,1
0.173448805264822,1
0.170723427963211,1
0.1885430134339,1
0.1700425673198,1
0.18065096143799,1
0.178873356871485,1
0.17427398332226,1
0.177669976360853,1
0.182361810262402,1
0.175634123227424,1
0.178535925000675,1
0.17234934624112,1
0.164824570040229,1
0.174892324850763,1
0.168164371824715,1
0.171409029312436,1
0.178765123099833,1
0.177693858379865,1
0.179716143531724,1
0.173709455385593,1
0.173720511535298,1
0.17825433623085,1
0.166184378439923,1
0.178720687609544,1
0.168698612849449,1
0.166478636059691,1
0.170613699936559,1
0.182887690758699,1
0.173799449541745,1
0.176938282653856,1
0.177680780455053,1
0.167731743845343,1
0.181036339268763,1
0.174991748084163,1
0.177527038462364,1
0.176746255319513,1
0.171547960627821,1
0.175583481255179,1
0.182465048984911,1
0.160307997822595,1
0.153381674203412,1
0.19702715599361,1
0.181555986623769,1
0.189057080541949,1
0.18317084402396,1
0.201951303945655,1
0.202283576858482,1
0.194957221528379,1
0.19975639745493,1
0.194016496220594,1
0.203814537112184,1
0.186891409480762,1
0.171490287097854,1
0.1808493586758,1
0.198585268024427,1
0.194210616878982,1
0.195171422064629,1
0.193038703791935,1
0.189761258435887,1
0.186118513256312,1
0.194248134234081,1
0.198868837588219,1
0.193155388569984,1
0.185934698837718,1
0.195200787448367,1
0.207271490711841,1
0.189288163831012,1
0.188984650315995,1
0.188838664726316,1
0.201541040475832,1
0.190851697240384,1
0.183464658860282,1
0.189989772502904,1
0.190401883553283,1
0.19570989175032,1
0.192631692041331,1
0.182869213231997,1
0.201080788502546,1
0.198930472414206,1
0.179406947687483,1
0.181559600102049,1
0.193197024501867,1
0.19795475045416,1
0.195744767576167,1
0.196336590333738,1
0.173165150158265,1
0.195209758239611,1
0.203381045591161,1
0.199582914760805,1
0.191324489484764,1
0.192299760832754,1
0.191373789767146,1
0.194149908794718,1
0.195219947257221,1
0.195376387365917,1
0.196317326319541,1
0.190720011138291,1
0.18835759720643,1
0.190408637755505,1
0.192154407179311,1
0.201240580249429,1
0.204075413010517,1
0.185768645861048,1
0.187477037101295,1
0.189515199887928,1
0.19383215357332,1
0.189063477186053,1
0.191921183484248,1
0.201305718902506,1
0.195937899836285,1
0.196839487872288,1
0.19335729293592,1
0.198356889463204,1
0.191380524063819,1
0.20030316511595,1
0.203362756260594,1
0.194851424865705,1
0.200433685562757,1
0.195847540513484,1
0.195953675828481,1
0.194059598470535,1
0.197885071846636,1
0.193424214169855,1
0.187943808443032,1
0.200861241928298,1
0.199589542537006,1
0.197851776873429,1
0.194961304809943,1
0.193492046438832,1
0.18650654894118,1
0.179100986928544,1
0.191023797182976,1
0.19262133776707,1
0.199217360842763,1
0.189232284746455,1
0.194003486113788,1
0.185269828993456,1
0.194874522393067,1
0.19280925148283,1
0.182507762470493,1
0.189983202011163,1
0.189425986132949,1
0.191590703597965,1
0.198936982352567,1
0.185698573929395,1
0.188291306453946,1
0.186219164024872,1
0.185462507446672,1
0.191353396168959,1
0.189160077063005,1
0.177329669671547,1
0.186100908995792,1
0.183045629773365,1
0.194844864084707,1
0.189797943637999,1
0.19881057146032,1
0.190479102918161,1
0.185583994327091,1
0.195704983353079,1
0.191582728810269,1
0.188229184965953,1
0.174254533725078,1
0.184244560895385,1
0.184517183053548,1
0.185126389099277,1
0.17994919360814,1
0.179557299923951,1
0.191936186704795,1
0.183210437434586,1
0.187146906823677,1
0.190235564211271,1
0.180528666919559,1
0.20494366676547,1
0.194627988525977,1
0.198570077049088,1
0.186393472215689,1
0.189002546793925,1
0.180995786460441,1
0.189496371776432,1
0.184338938225688,1
0.191782316723679,1
0.189995095153909,1
0.19298894334036,1
0.183886114277279,1
0.186643053903586,1
0.190588798787604,1
0.201403061530769,1
0.189252879399321,1
0.179678132762486,1
0.197687747827405,1
0.187692259867282,1
0.197889211754656,1
0.186219654166047,1
0.203858250740905,1
0.193322455968975,1
0.188940730258885,1
0.189990799351509,1
0.211377749300135,1
0.202643940866462,1
0.19847625794814,1
0.193663864887182,1
0.192667648012992,1
0.196729877482239,1
0.204842376284137,1
0.200977030651993,1
0.192339818175447,1
0.193219705710841,1
0.194966057483308,1
0.198727301653999,1
0.195423550619858,1
0.198814061029704,1
0.185771053009464,1
0.176334639240245,1
0.205414924024795,1
0.203441834082093,1
0.197558043224598,1
0.196224114675739,1
0.206079847722272,1
0.204184074739938,1
0.204271027371292,1
0.192763152953966,1
0.188054097697192,1
0.19892274333818,1
0.188418649463802,1
0.193896949238127,1
0.191018021764123,1
0.184141899724928,1
0.190862206624554,1
0.200690374952065,1
0.192065896053219,1
0.192407536998073,1
0.192557516560531,1
0.19456521920478,1
0.196194620647189,1
0.190289377679143,1
0.197072515188387,1
0.18233672685281,1
0.190436268218437,1
0.190421877490429,1
0.186320341020469,1
0.189573145680162,1
0.181421186731773,1
0.196787849430252,1
0.196304583771249,1
0.199137654873531,1
0.195643062896398,1
0.190284826924298,1
0.188175668018758,1
0.199427118511497,1
0.19400705679244,1
0.193988406961728,1
0.189873604929207,1
0.180851118366567,1
0.195543127393885,1
0.187086553843474,1
0.195259587338564,1
0.18898524040133,1
0.196589992349142,1
0.19305082539754,1
0.190944242876458,1
0.195467988956557,1
0.200351380321432,1
0.196805667495497,1
0.186467933745438,1
0.195164260900596,1
0.191326682648968,1
0.198717609764255,1
0.193625589924514,1
0.203079980774521,1
0.190116799650754,1
0.185480097633606,1
0.198308114475338,1
0.186288683896674,1
0.192271523473202,1
0.188607723545714,1
0.199189486998221,1
0.189808574525823,1
0.18591486732143,1
0.189020426766485,1
0.193562985303168,1
0.182813461531247,1
0.197991857775868,1
0.193622777976361,1
0.191968913107579,1
0.17475498473633,1
0.175310852055417,1
0.198524034519411,1
0.191692740586023,1
0.181525453016433,1
0.183464949913352,1
0.190580283083894,1
0.176626656596287,1
0.192992763243083,1
0.186150408002868,1
0.187495475427484,1
0.188878773597746,1
0.177917463897119,1
0.196970688629879,1
0.182041093441189,1
0.184358439827649,1
0.201064718094072,1
0.202332976112493,1
0.176199879178921,1
0.194644420361189,1
0.179496261559413,1
0.182561214760871,1
0.199040611177053,1
0.182813026033936,1
0.191648237069946,1
0.196389233286645,1
0.190531508062134,1
0.188421839621177,1
0.192195966360541,1
0.18560935938772,1
0.193366462890381,1
0.191444116224865,1
0.185093973997417,1
0.192896663788914,1
0.191582559716895,1
0.186753020537315,1
0.176696845136782,1
0.185688615055075,1
0.192317240805094,1
0.190401636974193,1
0.194213694111458,1
0.197098761256177,1
0.187898030478922,1
0.180803991673711,1
0.189628045153033,1
0.195714798454946,1
0.189870358813825,1
0.193110372860093,1
0.193200228438515,1
0.197103136302147,1
0.193799998814789,1
0.186325971670441,1
0.187771722235376,1
0.18443956193999,1
0.188419105870136,1
0.17913462773438,1
0.16809475605194,1
0.190369457872763,1
0.195828769283329,1
0.189245001607504,1
0.197030505310273,1
0.204578868747172,1
0.189408412438024,1
0.202065332774918,1
0.200783535656731,1
0.201380197725938,1
0.197273411341015,1
0.210838698317736,1
0.20103913121294,1
0.19481158193402,1
0.20871909298354,1
0.19754683253654,1
0.203955157158285,1
0.20702246576738,1
0.199759266355653,1
0.187154334311233,1
0.206441977049155,1
0.207960335745025,1
0.196266670636183,1
0.201361796402674,1
0.202234216331737,1
0.198729509618249,1
0.19805248838493,1
0.188867077516188,1
0.201432758212139,1
0.193130845107598,1
0.204714748216522,1
0.198218184038285,1
0.201212899571603,1
0.193778466762927,1
0.196771869126212,1
0.202016037384951,1
0.196944809516705,1
0.206995718174143,1
0.195542428443288,1
0.200717123947852,1
0.195680245872179,1
0.194573737313354,1
0.193500483678086,1
0.194216906384828,1
0.195192957404861,1
0.202811910702509,1
0.196095993562942,1
0.199340870080559,1
0.200986402103222,1
0.202133830124951,1
0.196254708074533,1
0.189172238176716,1
0.198480469141478,1
0.196316075921364,1
0.205059568020988,1
0.20296544797449,1
0.204047886184014,1
0.200455871607191,1
0.194580482356231,1
0.201383385662986,1
0.20336143632805,1
0.190007671912296,1
0.186403500902387,1
0.190311342191141,1
0.182208695787514,1
0.186224878363279,1
0.176815551351544,1
0.186074594765626,1
0.179134762124061,1
0.176361134555719,1
0.180190967833078,1
0.17213011046776,1
0.181222594206742,1
0.174429618000224,1
0.183898547399877,1
0.18422500621057,1
0.19594886634056,1
0.183551581444221,1
0.192132292110784,1
0.188848171406987,1
0.179298898172184,1
0.174076641287695,1
0.179427348773642,1
0.175509597475679,1
0.188789992031002,1
0.186968184969685,1
0.179639632819003,1
0.178590382611794,1
0.176526922355596,1
0.18101999609139,1
0.184105806065631,1
0.18228219620958,1
0.190812816278692,1
0.183459740657013,1
0.191959225705349,1
0.175356876056501,1
0.180166008711302,1
0.177615380468265,1
0.177778043900332,1
0.180473579389068,1
0.178450002110201,1
0.167251927404416,1
0.167831708823357,1
0.190887658245079,1
0.144904203721287,1
0.150558878607985,1
0.188128358433656,1
0.191013773815853,1
0.176848865143153,1
0.186836097670396,1
0.181672726106208,1
0.176248964060738,1
0.185796247794822,1
0.139956894904948,1
0.182128932261152,1
0.176598763919305,1
0.180714103015631,1
0.18337387717721,1
0.183705844251506,1
0.161616485614008,1
0.179384144934813,1
0.183663813226159,1
0.176924945287797,1
0.178613123216883,1
0.181644607226454,1
0.181798987986873,1
0.180879049819362,1
0.191853568959103,1
0.186317595225959,1
0.187178320302602,1
0.180507097104717,1
0.184000023027379,1
0.182069978325453,1
0.180498409159746,1
0.18450092169443,1
0.189539864931656,1
0.179325597429421,1
0.182656193583004,1
0.181030648765198,1
0.18324581264615,1
0.182671803008167,1
0.18501489105137,1
0.18215926017304,1
0.189469978879926,1
0.182937320934657,1
0.18159172178842,1
0.186741003486054,1
0.180378964445739,1
0.194976573718447,1
0.185179190686271,1
0.182422051232218,1
0.197826350977628,1
0.18108973386886,1
0.181542882888486,1
0.178261924410097,1
0.176383486444436,1
0.180726589167755,1
0.183874493080849,1
0.172597774830178,1
0.181858601432121,1
0.169407348761978,1
0.189249597807402,1
0.180063602992005,1
0.174543017508543,1
0.192210006968662,1
0.183331090060849,1
0.164709822002258,1
0.186213643389522,1
0.178696051867839,1
0.177326095437484,1
0.181702122672118,1
0.1905780035552,1
0.18694277287022,1
0.179939508152671,1
0.187696862860941,1
0.178708207270958,1
0.191543053321791,1
0.179837622277069,1
0.180473095709761,1
0.178447466374743,1
0.190652720374678,1
0.206842441256175,1
0.195639579888632,1
0.192725758110569,1
0.193316994599107,1
0.202971887284304,1
0.187855712025059,1
0.207791853310857,1
0.199699210553051,1
0.207164493158757,1
0.200939949911724,1
0.20588761059488,1
0.203865217513236,1
0.194042541468714,1
0.199452407192867,1
0.191527796088485,1
0.201977216578218,1
0.208139028373877,1
0.199122706607564,1
0.20433599188861,1
0.209095151849143,1
0.203549378133155,1
0.205742047309098,1
0.208433825929234,1
0.201886646411796,1
0.193282473688598,1
0.196795249766472,1
0.197676485985161,1
0.200428134010752,1
0.204844880924545,1
0.194111149747223,1
0.199103909607504,1
0.207604351104884,1
0.207592669888885,1
0.20330702361257,1
0.20516549632282,1
0.206999256612395,1
0.19954751481906,1
0.207734371784963,1
0.201410317737399,1
0.199628532322865,1
0.204827436045009,1
0.206261361283634,1
0.191005065009508,1
0.197429883611572,1
0.203584985086732,1
0.185490112032384,1
0.197065716588525,1
0.192498470392306,1
0.204769616617778,1
0.200012190946589,1
0.202778709922699,1
0.191887053117174,1
0.199945206778672,1
0.207771970982835,1
0.210950582718088,1
0.203185108635847,1
0.199174754002039,1
0.213795479876415,1
0.197605796660569,1
0.205240139686568,1
0.173240520836796,1
0.176593706094836,1
0.18596134346457,1
0.179084502270267,1
0.172894270812493,1
0.179979784415037,1
0.175802653652244,1
0.179467403787495,1
0.180517281288602,1
0.18781262413963,1
0.177653891480206,1
0.17719054052359,1
0.181508270844376,1
0.18285114916425,1
0.191087982565986,1
0.18911309220239,1
0.173844854385033,1
0.177226414004647,1
0.182667566517982,1
0.180940340060745,1
0.186408925955846,1
0.175486137448242,1
0.178993872584196,1
0.178748028192844,1
0.181503834350685,1
0.179933144233158,1
0.179489929200821,1
0.181635453088411,1
0.179277964737377,1
0.182899764636487,1
0.180574897987315,1
0.177801596564173,1
0.183188263738095,1
0.176320392287294,1
0.171842711055384,1
0.180292493050311,1
0.175393780242833,1
0.178306366466152,1
0.178260715410547,1
0.179107886239923,1
0.179178443072717,1
0.178987030240627,1
0.177029272776795,1
0.18471698517207,1
0.176642740134497,1
0.179983299624342,1
0.184124504935006,1
0.183640418766172,1
0.182041445647763,1
0.18001248494624,1
0.189499818387293,1
0.17927411539349,1
0.178277277948255,1
0.177990140166534,1
0.185981895139511,1
0.182457003468598,1
0.178242150245563,1
0.178319027460787,1
0.18094789716778,1
0.181409451723942,1
0.140026484651425,1
0.151008288705614,1
0.124012865573775,1
0.211044483944547,1
0.212146432739168,1
0.201484120283447,1
0.200262087021214,1
0.212559760424004,1
0.197223848385526,1
0.20337492275373,1
0.220205980777017,1
0.20282588105804,1
0.194073515364296,1
0.152944897014155,1
0.15580081882758,1
0.154570961610735,1
0.143847995760286,1
0.160411482082813,1
0.158762249174574,1
0.162269222447113,1
0.144257304851038,1
0.149385631035222,1
0.148225799171893,1
0.137711841378681,1
0.15205843477209,1
0.140650682219836,1
0.139010309143684,1
0.149025234653521,1
0.161514071067813,1
0.153031149802818,1
0.16535515401663,1
0.10182459987103,1
0.146399040471273,1
0.105003408146261,1
0.117169570964175,1
0.143704464629125,1
0.140367973963366,1
0.117019030408336,1
0.138468724905808,1
0.14521767196647,1
0.135489626446067,1
0.121231111927168,1
0.111334139517698,1
0.141565644585765,1
0.141498150398491,1
0.152013120288219,1
0.156963472011015,1
0.150493825399649,1
0.168878635307552,1
0.142579035160321,1
0.16467990146368,1
0.112687253009371,1
0.156614721402759,1
0.115779643817636,1
0.155083233297465,1
0.14409929668925,1
0.122625808042303,1
0.121726569119754,1
0.133555324687369,1
0.134741472773661,1
0.149421631638698,1
0.135389780699148,1
0.167119878425354,1
0.16004286328914,1
0.157927790266434,1
0.157764019976951,1
0.162870362532132,1
0.155476144897058,1
0.159722839064897,1
0.161952692348713,1
0.157540561620273,1
0.15954168820746,1
0.161737036808845,1
0.16039226937243,1
0.162316480547762,1
0.17023071469642,1
0.165290419574291,1
0.1651126445861,1
0.157679531016237,1
0.158820458698561,1
0.155635495080986,1
0.160830332436238,1
0.160068622241239,1
0.160138767774009,1
0.162168424219099,1
0.157810876695913,1
0.16293775891502,1
0.169365225339038,1
0.176899268573154,1
0.180986469038776,1
0.162745367112581,1
0.162915113805692,1
0.164745444934685,1
0.167338040946011,1
0.156585480600678,1
0.157872034827146,1
0.166121774478014,1
0.15503931738569,1
0.156853743312342,1
0.159887774160686,1
0.163350793625476,1
0.158536668689713,1
0.156645211784371,1
0.163433734105173,1
0.166418380732227,1
0.159546822307047,1
0.157763356206481,1
0.15196531248216,1
0.160545302031618,1
0.155565039880947,1
0.164134558615824,1
0.170777766517135,1
0.162350168214421,1
0.158781189325159,1
0.158107989456496,0
0.182855440623865,0
0.199806519120951,0
0.195280366684766,0
0.208504366890109,0
0.168425740787555,0
0.179981858348583,0
0.20451797183117,0
0.198292199148179,0
0.184249821834851,0
0.191794364284314,0
0.193004112299687,0
0.190890095160553,0
0.184484372245316,0
0.188505132523258,0
0.197476195731284,0
0.160883839741457,0
0.148414402164876,0
0.109310616405392,0
0.146511402548798,0
0.110727276767515,0
0.156553724153106,0
0.160744865894414,0
0.118206530855774,0
0.122706013347185,0
0.163701999501017,0
0.113638445397776,0
0.149002414877439,0
0.164125457312907,0
0.111292517976123,0
0.102787468359634,0
0.194571400668063,0
0.196781154608116,0
0.179691601539134,0
0.162030390488586,0
0.190215053245677,0
0.187582879331143,0
0.191088512703238,0
0.19684542546216,0
0.190288244551341,0
0.193005145007131,0
0.192572598669309,0
0.195583431960276,0
0.196644231517039,0
0.182440869416734,0
0.0896933827461974,0
0.199742563504415,0
0.204621414750807,0
0.196856028941313,0
0.193074103704863,0
0.209932901571781,0
0.194557357869677,0
0.184438370772019,0
0.201047994884662,0
0.193981463168847,0
0.163784610636193,0
0.183205764054084,0
0.196074294856796,0
0.176221992371167,0
0.190768671370246,0
0.197063508056051,0
0.187836718605553,0
0.187574408478473,0
0.190975192699339,0
0.151096728897061,0
0.11540163827187,0
0.116212695905179,0
0.168122112753446,0
0.132476953141438,0
0.134785266160184,0
0.144418543973294,0
0.137426088183369,0
0.135907893985533,0
0.150480818279122,0
0.148950835531851,0
0.10914848030422,0
0.158417240622193,0
0.11600183316859,0
0.0977325420907223,0
0.134044916195089,0
0.0903702675160555,0
0.125000138818566,0
0.134858715374606,0
0.11956665238738,0
0.14945372593734,0
0.146231944836611,0
0.164104280895302,0
0.10846988969562,0
0.130742333673026,0
0.137549748937472,0
0.14656013042065,0
0.132145248642613,0
0.157879727397948,0
0.146695446724338,0
0.186963133985579,0
0.188916035529329,0
0.17060355873721,0
0.135012753076234,0
0.151657728488155,0
0.0920924414412881,0
0.143582841975209,0
0.166235766266487,0
0.168380939602053,0
0.165228566142209,0
0.157698841791023,0
0.169935136944166,0
0.164855127961548,0
0.126920275288976,0
0.15531325023282,0
0.123551973807298,0
0.0934532682893399,0
0.202326263895863,0
0.172249721670092,0
0.186009020560951,0
0.189460151111133,0
0.149952701699389,0
0.183064351012978,0
0.184209025110115,0
0.173658043776305,0
0.192676717697396,0
0.141928228158133,0
0.232672936014712,0
0.240457975306442,0
0.23894048565435,0
0.220581830089941,0
0.228816471394551,0
0.23660692846181,0
0.227854808266763,0
0.240844028905709,0
0.235349031141483,0
0.230710788863804,0
0.210701254147618,0
0.147858443138051,0
0.146023155651887,0
0.149217540439799,0
0.151477444225312,0
0.141404114569182,0
0.142751589259393,0
0.139297397280397,0
0.140068380660268,0
0.141179624609929,0
0.152174046771284,0
0.131780893920099,0
0.147401473066919,0
0.127858165819785,0
0.17991729485307,0
0.161226592996911,0
0.16725160979566,0
0.198253671007583,0
0.195885105579209,0
0.190886421182201,0
0.190251434902589,0
0.143916265177047,0
0.19095131187453,0
0.218413682347397,0
0.194774015090105,0
0.191589243215768,0
0.194793770104577,0
0.183476758943964,0
0.182179612497921,0
0.186594020456385,0
0.187124579394632,0
0.182967874212584,0
0.179249622951419,0
0.174400818582216,0
0.179355393311149,0
0.175790886656059,0
0.1834812494864,0
0.183357686998107,0
0.179977944993232,0
0.181511631013311,0
0.188897691658461,0
0.180750130343015,0
0.183621359794461,0
0.149785063597433,0
0.183137590680657,0
0.181565201555973,0
0.179578634229558,0
0.1931464027337,0
0.163613716720973,0
0.167783897388917,0
0.176985161826341,0
0.185294175109834,0
0.182024648832358,0
0.138120228003227,0
0.177722737774932,0
0.181115201202108,0
0.179541939568321,0
0.171668864300711,0
0.181751693607328,0
0.189257061910475,0
0.179009963372765,0
0.179854591868213,0
0.184168805681866,0
0.185847199383581,0
0.187073799237052,0
0.183046160087789,0
0.17485723194665,0
0.17463269019576,0
0.172271175788984,0
0.185716982270545,0
0.180496428707276,0
0.183245855549815,0
0.180675555624507,0
0.187324391961064,0
0.188029756076478,0
0.166078097928613,0
0.179289108226543,0
0.179178833661896,0
0.18134732490088,0
0.17869050137226,0
0.187115199664724,0
0.186071497458765,0
0.177679947723025,0
0.184310609169181,0
0.163239106820293,0
0.178307365945137,0
0.17468832263455,0
0.183371887693708,0
0.176946778714362,0
0.174035474579353,0
0.177265764538031,0
0.173641546285088,0
0.188222184129306,0
0.177919597335811,0
0.176907314286546,0
0.187024799482376,0
0.192816886680197,0
0.184309403647154,0
0.184889342183128,0
0.185992534221024,0
0.186647077917585,0
0.181182549296953,0
0.185174045584706,0
0.168612885887802,0
0.178653417977599,0
0.187176668719202,0
0.189260354429118,0
0.184892870762295,0
0.163067204212403,0
0.181922591102182,0
0.181995687811523,0
0.177298053247389,0
0.178389480500106,0
0.174523843704568,0
0.177370741440219,0
0.154071438880287,0
0.181191431406955,0
0.181964221579573,0
0.183098304290944,0
0.182713506625701,0
0.171319139486152,0
0.168163037839584,0
0.17417353183796,0
0.183173193435934,0
0.177896079675631,0
0.188307346804086,0
0.179749588714549,0
0.180533617648439,0
0.1972164582889,0
0.189133269847628,0
0.176733398723116,0
0.182050790931533,0
0.192711321953843,0
0.201748376598431,0
0.192628831287094,0
0.206335336835826,0
0.195929486895276,0
0.189912808737457,0
0.168597657500442,0
0.159714999888915,0
0.19412501514448,0
0.172585727588486,0
0.182063733894843,0
0.175248258814867,0
0.172678831700133,0
0.161152945950631,0
0.17013163895242,0
0.177046701582685,0
0.154080445808211,0
0.162341173161676,0
0.151754543743251,0
0.141082906688693,0
0.1416165136326,0
0.165804326379707,0
0.152197551461571,0
0.129146275611509,0
0.175554268740683,0
0.148974543908086,0
0.197722838353097,0
0.191373720413523,0
0.189153875338963,0
0.191702353272764,0
0.183433206666762,0
0.186465568452926,0
0.198203389951065,0
0.187629034281779,0
0.200702041711107,0
0.173249738364511,0
0.182299692386474,0
0.183495166171881,0
0.173271498796857,0
0.17363902536348,0
0.200115562451723,0
0.196405992205783,0
0.170211942303091,0
0.17228601785684,0
0.204937880358106,0
0.157168626676033,0
0.195860836072035,0
0.18822679264975,0
0.222373389801391,0
0.192049960523221,0
0.20192949869494,0
0.198050632161334,0
0.193962058541205,0
0.195739594789833,0
0.171870667181105,0
0.178197286014983,0
0.173822007822811,0
0.172108228130333,0
0.171769967987788,0
0.188872267877317,0
0.175107808651443,0
0.179418076659787,0
0.183200597313459,0
0.160173684407495,0
0.0856058700009119,0
0.0820059822954783,0
0.0788471871713806,0
0.121445505897983,0
0.0934023088378013,0
0.102623360224983,0
0.0917907139695108,0
0.112574608732764,0
0.0975620912497282,0
0.0888313131625431,0
0.164784248855547,0
0.135120043957241,0
0.152414448200359,0
0.150255019981195,0
0.151283265729459,0
0.153288707339793,0
0.139305283516543,0
0.165542199194321,0
0.153645359481904,0
0.15267382737983,0
0.162205157422765,0
0.168252203183246,0
0.163490852034366,0
0.169579908861271,0
0.170309359988546,0
0.161641466137763,0
0.169751775016304,0
0.166077720792612,0
0.166537569656059,0
0.173451064880803,0
0.20829179587687,0
0.208232073271545,0
0.199386810422453,0
0.195679388814283,0
0.195604546326787,0
0.200324563936563,0
0.212681150708068,0
0.198039226460125,0
0.218551887042761,0
0.198203005413922,0
0.20264702597729,0
0.21775884171525,0
0.191456141676793,0
0.20015378139882,0
0.198024235985544,0
0.19937718789871,0
0.212810958513778,0
0.206478817074706,0
0.20579282114798,0
0.141797816067795,0
0.132462918525032,0
0.141132927431248,0
0.121075854775986,0
0.222557054102216,0
0.232753598809677,0
0.211562907726281,0
0.227930986676422,0
0.229993021724955,0
0.220802047026913,0
0.217509276168116,0
0.228902747914572,0
0.226668815466494,0
0.24026030798774,0
0.11215343442552,0
0.125845526567815,0
0.155449633009753,0
0.0982691553719912,0
0.206577263169177,0
0.212319701083025,0
0.195012890412784,0
0.196432360956397,0
0.197275307469135,0
0.1950689708607,0
0.204446478678949,0
0.208832034166586,0
0.210459732798069,0
0.190465451855477,0
0.183869594322478,0
0.199527333813256,0
0.191485407568942,0
0.199919658243301,0
0.167355500419489,0
0.177619094116457,0
0.191765202568405,0
0.177299355317852,0
0.19312312085589,0
0.176374730095159,0
0.182661661330538,0
0.175855657269632,0
0.188125672595071,0
0.184872292190762,0
0.155181436897838,0
0.147606294630884,0
0.185416892761812,0
0.167022035765728,0
0.133212089289022,0
0.0980837952370542,0
0.123061810717615,0
0.131747799232892,0
0.16393852859312,0
0.134813246124973,0
0.137555879800451,0
0.116584915304124,0
0.142297431901487,0
0.132895065195201,0
0.198808242608773,0
0.192887350658248,0
0.185658943707815,0
0.175181158095862,0
0.173016113680946,0
0.164126356809541,0
0.161993333554287,0
0.187154300510525,0
0.184956708864469,0
0.186187844930906,0
0.123722280973715,0
0.119571977359591,0
0.116365795178831,0
0.110500326459819,0
0.139629217122411,0
0.185813096349502,0
0.190443113716445,0
0.186106644062762,0
0.18842533033594,0
0.186389401073719,0
0.179014915309696,0
0.181433571241722,0
0.187369210974513,0
0.18018551478422,0
0.181519189960171,0
0.196022493330143,0
0.175176655594621,0
0.196104996867471,0
0.171523345280915,0
0.161731167885553,0
0.177351431300129,0
0.173757232031574,0
0.185009125402254,0
0.167053105442311,0
0.186489445052727,0
0.179202231659265,0
0.194485541135964,0
0.178228426037754,0
0.185406911102376,0
0.183985307682247,0
0.178599745530709,0
0.181390395842885,0
0.201065555938865,0
0.157375262296932,0
0.196102298128001,0
0.189054693287945,0
0.169399622841056,0
0.193956141746078,0
0.178393401884711,0
0.169128948823082,0
0.178314604693735,0
0.175185212219225,0
0.13098793988059,0
0.131295959289036,0
0.128641751806274,0
0.13940757590276,0
0.133659056944006,0
0.172449785756985,0
0.147018567653312,0
0.152196009537546,0
0.15095568928881,0
0.152845842227669,0
0.18739616124612,0
0.182404793645735,0
0.194089842044593,0
0.188552593785819,0
0.184391418609104,0
0.18182118987839,0
0.182572401994766,0
0.189711021460024,0
0.18765028540148,0
0.19494631289864,0
0.193279264710263,0
0.188718626051724,0
0.188500959780488,0
0.190071018848689,0
0.188299313066111,0
0.188394824378892,0
0.190075956128583,0
0.194601256014826,0
0.200158191362817,0
0.194839810124782,0
0.184596918423989,0
0.170118982009409,0
0.190074260576102,0
0.184568152682171,0
0.185224860748492,0
0.184946027238741,0
0.183852560776897,0
0.186660772636877,0
0.193390985235681,0
0.19117354918681,0
0.189056908552353,0
0.187027199967647,0
0.190584259021407,0
0.18700928864539,0
0.189954108306631,0
0.18941835356389,0
0.19122166865661,0
0.188686653523112,0
0.189177183699158,0
0.187128280625787,0
0.187340431011842,0
0.18970822983679,0
0.1854219468828,0
0.188305003403861,0
0.185928217510724,0
0.190361067564635,0
0.185801717420805,0
0.183106973185758,0
0.181895082682266,0
0.191078812324771,0
0.19278010171313,0
0.18715445884545,0
0.190165893224641,0
0.19150440197142,0
0.191832248120916,0
0.194471443302342,0
0.185135661135838,0
0.180866435061452,0
0.183527368420968,0
0.187763582521132,0
0.183570922258458,0
0.184307425584838,0
0.183731621629034,0
0.18414413870719,0
0.18687444660666,0
0.181815357539049,0
0.191414983328534,0
0.1984017962763,0
0.186401506595897,0
0.19192283126824,0
0.1868325246307,0
0.197305772160864,0
0.189250039725731,0
0.188018666117027,0
0.187644344130451,0
0.180852713671262,0
0.184779551948322,0
0.187345300001395,0
0.189567466493383,0
0.183550650163004,0
0.189283041596396,0
0.19192902093026,0
0.186319651107048,0
0.186823415009891,0
0.182894612858885,0
0.181308457982656,0
0.185120342428267,0
0.190998294853453,0
0.193185695882111,0
0.185433437418597,0
0.198801928042281,0
0.192037631050734,0
0.193316902793804,0
0.191786002240127,0
0.180395779280583,0
0.192957299792821,0
0.187567147924396,0
0.189139373367102,0
0.193135576002539,0
0.195470071981501,0
0.19483881709358,0
0.193274272653022,0
0.179755017468524,0
0.203086747600105,0
0.180709738038606,0
0.185590296978482,0
0.160934429107171,0
0.180561523840629,0
0.17858701106631,0
0.190331163922294,0
0.18975395060569,0
0.169863389417439,0
0.194338406822754,0
0.185102313941524,0
0.163750015306424,0
0.158723986675991,0
0.191305826689998,0
0.17380108285868,0
0.190493802899353,0
0.199900982958619,0
0.168873089196508,0
0.174468008877461,0
0.211902102485605,0
0.192090407599653,0
0.205179994180567,0
0.197103599391761,0
0.179855479214378,0
0.212057894856029,0
0.198008914181681,0
0.186863525578074,0
0.182312372171057,0
0.184853085439977,0
0.187259681638463,0
0.22002344290687,0
0.204051735506676,0
0.189495767305683,0
0.20100192298155,0
0.166054206641777,0
0.202306162418119,0
0.177583116656651,0
0.187030583527253,0
0.180513269839872,0
0.181741360772348,0
0.179513902680848,0
0.190810773078855,0
0.193120769291183,0
0.173024837825171,0
0.200231749861216,0
0.206318834187085,0
0.187251561881331,0
0.134672886829378,0
0.205159418801578,0
0.194693506678727,0
0.178734544835542,0
0.196899112841832,0
0.189529462505421,0
0.151861930140704,0
0.205296017300305,0
0.1755808951667,0
0.166966293543948,0
0.1641799339447,0
0.132305629336111,0
0.146526322055625,0
0.115789284724308,0
0.138592213762629,0
0.174879768502411,0
0.210423883672401,0
0.213026390757068,0
0.211406723822343,0
0.235684652536511,0
0.204464415026592,0
0.229987028136852,0
0.224571923415236,0
0.217966997726691,0
0.201866674677207,0
0.207709318116639,0
0.114828111362596,0
0.122956479881534,0
0.128304909369082,0
0.118338678649899,0
0.127114906472288,0
0.143132973404294,0
0.110502982886559,0
0.139254029373656,0
0.111153594547721,0
0.222930326260332,0
0.21816981864142,0
0.223278784149861,0
0.215388321020814,0
0.225229966246108,0
0.21123757799995,0
0.227536742678117,0
0.227683167894717,0
0.222548873336736,0
0.214581896240054,0
0.216808914297547,0
0.218477970304046,0
0.195366938093491,0
0.230790543286104,0
0.229938253729825,0
0.221970732975971,0
0.227550491049625,0
0.219501982770467,0
0.218647390503412,0
0.22222785637126,0
0.226664143078326,0
0.219184632531925,0
0.235652843841568,0
0.21213462385881,0
0.217904782268749,0
0.226650315348133,0
0.211401312857829,0
0.219425185759064,0
0.221983699810184,0
0.212030757485683,0
0.225683966312613,0
0.209008271981654,0
0.226640031468138,0
0.216473486101842,0
0.199537462345901,0
0.209175821900135,0
0.219691273243352,0
0.219218722229806,0
0.211588338073663,0
0.206963675986577,0
0.219733824571653,0
0.224958018814867,0
0.229328818560853,0
0.217815859947862,0
0.215633750020559,0
0.223532436040066,0
0.227945965013732,0
0.232794293595369,0
0.215536303119181,0
0.215310828143349,0
0.223748188129939,0
0.227806929270575,0
0.223672001838711,0
0.224133754197767,0
0.217978585894304,0
0.219379007635734,0
0.21345080039328,0
0.211927783435517,0
0.219100411190725,0
0.230981456415506,0
0.241380981917192,0
0.236894840171184,0
0.227438750806337,0
0.229041311653446,0
0.242639126710218,0
0.234023327888377,0
0.231254418995436,0
0.240723722093596,0
0.238363861809711,0
0.242081614825571,0
0.234879938673358,0
0.247040684106916,0
0.223031310446258,0
0.235686019258979,0
0.232222064595159,0
0.226452460617699,0
0.231644001398594,0
0.225668322236722,0
0.235667829365258,0
0.230991780820979,0
0.236497670412975,0
0.236732244997956,0
0.23229288536528,0
0.238730162073816,0
0.225288268173956,0
0.22605442983508,0
0.235331861665618,0
0.224207222008072,0
0.234231982816906,0
0.232346856336768,0
0.236702867431778,0
0.231746422864963,0
0.244356446903963,0
0.229128961581819,0
0.229655582822513,0
0.219048909445928,0
0.251123758720282,0
0.234898107665179,0
0.24094060511958,0
0.229128716170759,0
0.234016327532142,0
0.23151530050762,0
0.225222031061815,0
0.227054634057396,0
0.229929333404916,0
0.238154756573744,0
0.223609703643935,0
0.229677906270512,0
0.23530398003188,0
0.241219726509337,0
0.239603504673634,0
0.24326630321098,0
0.239258547673941,0
0.234359874494976,0
0.238050796937628,0
0.236232301197116,0
0.223881963009852,0
0.234866865084754,0
0.237093052327605,0
0.227773488957934,0
0.211671084441854,0
0.219896294583824,0
0.211706579226021,0
0.205005594522435,0
0.209420143216802,0
0.213095258382432,0
0.235135359075712,0
0.206872787493907,0
0.215239226709644,0
0.213737518936403,0
0.212189914901046,0
0.210748881280331,0
0.219168274480739,0
0.21029072807783,0
0.212587563040085,0
0.216850925630125,0
0.208559074618022,0
0.211939389679339,0
0.203774998023932,0
0.221137234311904,0
0.212189914901046,0
0.215938526136789,0
0.217128648935036,0
0.227865415188545,0
0.211289835256199,0
0.223661649744584,0
0.20922100119057,0
0.221671112779017,0
0.220354295781753,0
0.216292316691916,0
0.211986629199186,0
0.227476157284182,0
0.217874988869181,0
0.214264746645566,0
0.21595570011481,0
0.224343593582121,0
0.222995667744378,0
0.214056832956579,0
0.216875274357406,0
0.20973807670971,0
0.219963867877212,0
0.224265799201025,0
0.219411766908836,0
0.227341457696401,0
0.214310592023254,0
0.227390475075008,0
0.219834426687764,0
0.224762460752924,0
0.213947534197124,0
0.206663807456061,0
0.224028657217948,0
0.207189192262213,0
0.209110996959127,0
0.218750611297521,0
0.217759835497117,0
0.225945583137505,0
0.21731090280908,0
0.20865241268672,0
0.218040352956026,0
0.21463445316408,0
0.196580117945192,0
0.200791916079353,0
0.198941667157836,0
0.189935652293363,0
0.191167915747798,0
0.202975108705608,0
0.187942428677473,0
0.210705838969273,0
0.196092377100337,0
0.201184956439239,0
0.193423600335331,0
0.226478185022815,0
0.184214569890441,0
0.205306866036661,0
0.19850831869321,0
0.190139523173539,0
0.179583907100778,0
0.196553748684158,0
0.183958714785237,0
0.158390305345971,0
0.159802011700114,0
0.157635535520408,0
0.198872415439805,0
0.218154765122041,0
0.187522619345011,0
0.210725790286103,0
0.187363483835617,0
0.18662596154646,0
0.151091377431747,0
0.219245665765241,0
0.198332540400984,0
0.189877516195831,0
0.213771735228759,0
0.21773648905798,0
0.21607751020001,0
0.213027424036752,0
0.216980153426085,0
0.213487727742099,0
0.190483598538886,0
0.193710279392817,0
0.176412758857265,0
0.205375603434587,0
0.207585305538402,0
0.214223440307304,0
0.209567346584845,0
0.214662135321396,0
0.217266095545285,0
0.205578205822464,0
0.211984811414024,0
0.200403463711083,0
0.218399233056539,0
0.211016895182204,0
0.185643488746802,0
0.212496383353081,0
0.206904001684955,0
0.217667761608296,0
0.212276905552991,0
0.209597976943192,0
0.20602697138322,0
0.181569361694914,0
0.186083383526635,0
0.180046394840169,0
0.187499926559622,0
0.190682451802244,0
0.202500050650707,0
0.200924749478562,0
0.203154174805634,0
0.202954364754133,0
0.195877606354542,0
0.186783801572067,0
0.204408328780578,0
0.194936806443789,0
0.200318649094991,0
0.199749059439588,0
0.204333512355249,0
0.209809077414847,0
0.213389878635824,0
0.210113825152869,0
0.206021644280144,0
0.203236438854352,0
0.211459839637487,0
0.210414488747491,0
0.219018255739477,0
0.208020829387805,0
0.210409749364338,0
0.211602455457171,0
0.203907640235773,0
0.227755413508128,0
0.203464417136426,0
0.194187618217875,0
0.204193197617248,0
0.195283828559412,0
0.195695597932626,0
0.214978107571483,0
0.198965572230888,0
0.199455980460758,0
0.208884865844094,0
0.195140185841878,0
0.19753980448103,0
0.1940725085759,0
0.206801093239337,0
0.202309617778985,0
0.197149721217779,0
0.200494478197814,0
0.200741744463978,0
0.20396192513277,0
0.207664633957464,0
0.196981392108527,0
0.194940620826615,0
0.199949858271007,0
0.223073784519786,0
0.220989898774409,0
0.200795530336491,0
0.187673763871566,0
0.197504607652239,0
0.21153505979646,0
0.203408290506626,0
0.218046066464422,0
0.194929581481328,0
0.199844207131511,0
0.223197000318578,0
0.233040810183163,0
0.23316821797909,0
0.223115587504544,0
0.238917033860455,0
0.22159779126469,0
0.240397580741511,0
0.214916282784481,0
0.227642046013212,0
0.222596566098303,0
0.249636592881841,0
0.234201895356642,0
0.232455234508805,0
0.220120520960118,0
0.234934048938677,0
0.231074873820855,0
0.23365619303201,0
0.235297222790653,0
0.233375920635454,0
0.238048619811003,0
0.232801981218546,0
0.226637782378071,0
0.216295024147427,0
0.240473728978172,0
0.237042194356983,0
0.22741350971787,0
0.231641648898437,0
0.227956809567199,0
0.221603276367687,0
0.231693341112938,0
0.230899610744004,0
0.238831090769658,0
0.233988658600576,0
0.239900553056113,0
0.237684577506386,0
0.239068805783092,0
0.215558697192331,0
0.22955477837056,0
0.235974228594492,0
0.236634527886842,0
0.235652502704116,0
0.234469134232658,0
0.241741810566775,0
0.240142072906798,0
0.236908959388528,0
0.231282741184693,0
0.213689005214429,0
0.238772107049091,0
0.228432171239137,0
0.229857282913359,0
0.231880357846284,0
0.224478125726591,0
0.235271065076623,0
0.231195784583576,0
0.236490794678966,0
0.235520791437277,0
0.232346163751162,0
0.236016998948338,0
0.233651192365251,0
0.224630572888292,0
0.217831791894067,0
0.225117390951449,0
0.205418280983099,0
0.218292031878208,0
0.215346263015928,0
0.199540600149084,0
0.195653175582023,0
0.208453231650982,0
0.197566161123198,0
0.212020709173783,0
0.210300603632007,0
0.203687860320956,0
0.210141710699169,0
0.204997762265599,0
0.213664459047171,0
0.195815578534642,0
0.217693210090005,0
0.209822639004055,0
0.204960934859819,0
0.203105894220068,0
0.219603046848297,0
0.216692864892472,0
0.201875551395867,0
0.190640517921373,0
0.207567440775928,0
0.200862057000027,0
0.204053253114275,0
0.188638678744755,0
0.202505363990295,0
0.194741021712204,0
0.199171238964232,0
0.190170333834801,0
0.185723953580365,0
0.18357545109626,0
0.20153062828426,0
0.192529030814481,0
0.199178206864459,0
0.200242696392755,0
0.19422590118114,0
0.190075917947801,0
0.207712490225372,0
0.214522729682624,0
0.201144993534253,0
0.205949513832279,0
0.210656704053768,0
0.207655481811875,0
0.200084179745252,0
0.195194592501064,0
0.201564613009909,0
0.190970607821239,0
0.198073245017111,0
0.20735954095027,0
0.200053540052619,0
0.214102197472304,0
0.196701617779403,0
0.188373779318935,0
0.204985601068196,0
0.199258094238462,0
0.197340740395047,0
0.196860490737525,0
0.201463745761445,0
0.190687527555628,0
0.199282706989736,0
0.190401809950228,0
0.17818743878236,0
0.185682382062699,0
0.187497494047184,0
0.197922300160081,0
0.203218190227128,0
0.190635149627885,0
0.204114085353222,0
0.188922246846361,0
0.195861256126994,0
0.206145266229758,0
0.212369193207168,0
0.203176574169304,0
0.195796863422203,0
0.218014341953816,0
0.204259257660247,0
0.193164719829931,0
0.220160741303581,0
0.23519693995004,0
0.215233445136634,0
0.195625532165423,0
0.198185372886856,0
0.18462442209124,0
0.211933514963544,0
0.199823937720298,0
0.196161194188111,0
0.212933399977039,0
0.208619291832888,0
0.195723225615962,0
0.225966217102735,0
0.186698562955646,0
0.19609273380684,0
0.20142129845167,0
0.194570118543454,0
0.19954591422609,0
0.187364316492456,0
0.189685703529312,0
0.205918406134558,0
0.210470503225663,0
0.193137878637458,0
0.216444121289895,0
0.207135757070304,0
0.202352957707477,0
0.188450895579994,0
0.196872692344089,0
0.177883253703637,0
0.186663706041527,0
0.195982844656127,0
0.209468737727353,0
0.190937427738437,0
0.211730185721696,0
0.196364321503609,0
0.210448630276144,0
0.195079760666835,0
0.193005620172106,0
0.184889849872944,0
0.194083392981083,0
0.190116064553909,0
0.19859961985706,0
0.186117610598412,0
0.191306095590646,0
0.184828522315123,0
0.195750488192724,0
0.18470263156089,0
0.181748893782638,0
0.181639228535559,0
0.196909306348645,0
0.186370117754577,0
0.193111653143071,0
0.193460595036119,0
0.194249751233383,0
0.190408403187026,0
0.191336326706931,0
0.193605245558082,0
0.184142037064575,0
0.186308500067875,0
0.191055165736025,0
0.19350799992506,0
0.187506064456854,0
0.177098437765786,0
0.185578891711707,0
0.185635394872139,0
0.190492533369863,0
0.187395540807159,0
0.202353577338499,0
0.184061633503749,0
0.181589692416135,0
0.201903798947085,0
0.188179187336608,0
0.187283512264284,0
0.176410081050901,0
0.193523362682671,0
0.188522387635358,0
0.184762133573627,0
0.19317453309702,0
0.185827215451234,0
0.184799701345551,0
0.187615752620917,0
0.188623997087115,0
0.194910192032924,0
0.19359881028784,0
0.18132979121919,0
0.190043867151911,0
0.196426044429947,0
0.184188484924336,0
0.191454714481134,0
0.186229971209518,0
0.185092628205508,0
0.189449862522249,0
0.188687300430606,0
0.193594779200219,0
0.182167617695883,0
0.213625894789335,0
0.180433056728225,0
0.185328324488834,0
0.184026428664618,0
0.18422428033419,0
0.237416787323451,0
0.232943235211659,0
0.234240223597123,0
0.221881519004927,0
0.230886645339195,0
0.231964475261269,0
0.225697980218037,0
0.231343231099699,0
0.22905718575833,0
0.22320558473081,0
0.231010854215633,0
0.235820899566331,0
0.231453668965145,0
0.232098118414023,0
0.230718822523491,0
0.229766112404083,0
0.224950721734479,0
0.236146783076693,0
0.231686186738579,0
0.229661337144387,0
0.241433645304284,0
0.238103224857492,0
0.237496811401029,0
0.23173249818022,0
0.233867117725037,0
0.237568329869635,0
0.232781460873157,0
0.233097835837282,0
0.226397257646355,0
0.236347596967798,0
0.243272141614187,0
0.230687451916368,0
0.227052024264649,0
0.23301071846208,0
0.228311552676323,0
0.229717966798318,0
0.233652025642724,0
0.233301191291603,0
0.230967291129403,0
0.218758458141143,0
0.229889278699788,0
0.224698180190762,0
0.243528036637205,0
0.235350674523491,0
0.23176765502729,0
0.227112428823589,0
0.239181749956521,0
0.239820105570129,0
0.227305906721298,0
0.233744214809171,0
0.234481780174364,0
0.235183451969049,0
0.236364734175568,0
0.231595458804573,0
0.230144273851484,0
0.226241136193873,0
0.233061951195016,0
0.230125553850493,0
0.234335549991758,0
0.234485977238906,0
0.212329590507226,0
0.219597195407366,0
0.214555862529886,0
0.208305247149723,0
0.213144697339085,0
0.209864846179044,0
0.209331550175436,0
0.204821501405429,0
0.217675354506764,0
0.214522595755404,0
0.200142415392327,0
0.207665201015278,0
0.20623301459972,0
0.210378654440517,0
0.216621253719659,0
0.215884644002637,0
0.213498294490072,0
0.218562878810753,0
0.201498853531523,0
0.215446567085318,0
0.210660619510445,0
0.211053789522047,0
0.209199092292245,0
0.209167732278266,0
0.213308528731708,0
0.211979382184889,0
0.20881530082504,0
0.205611475072896,0
0.20206818004706,0
0.210082163442806,0
0.208788411610526,0
0.204749912022744,0
0.199078906493319,0
0.212140713903152,0
0.214283821311856,0
0.21088250600039,0
0.214413893821836,0
0.207049945015453,0
0.210395289139812,0
0.214594348851522,0
0.21127121274401,0
0.202932130810775,0
0.21257836155246,0
0.231192664961806,0
0.217736973117008,0
0.22178012476609,0
0.216755535865313,0
0.195595101357552,0
0.206082608001308,0
0.212119659884333,0
0.218444565176252,0
0.23119054423951,0
0.206534481126907,0
0.206353484903605,0
0.227335358799303,0
0.221791812747277,0
0.22123949003547,0
0.216632076107406,0
0.22490213623113,0
0.226824492056753,0
0.192547293037262,0
0.173372300031638,0
0.1482971951978,0
0.182471413001779,0
0.182597295796338,0
0.181791208825448,0
0.186687311825899,0
0.176745787087471,0
0.164252750647273,0
0.180373734287795,0
0.168980689400092,0
0.161249761502538,0
0.156451599506545,0
0.159796974566256,0
0.15716509235518,0
0.168690984472679,0
0.177761358319671,0
0.187892751211628,0
0.205945294170554,0
0.190773308484221,0
0.192910870126306,0
0.22130237710361,0
0.185824479073123,0
0.20221642853299,0
0.207088517136834,0
0.197404291509297,0
0.180954171490824,0
0.167043881034037,0
0.157235618411108,0
0.152684469835699,0
0.179039815923843,0
0.138869486311549,0
0.134838245760949,0
0.132349846167776,0
0.121455902060799,0
0.134324710459193,0
0.172439502896533,0
0.17620800302537,0
0.17389844135073,0
0.168741119553527,0
0.171986256227467,0
0.179266248424394,0
0.176609383848181,0
0.179049873212221,0
0.166561520053091,0
0.174173273365469,0
0.173427669625975,0
0.170398547914452,0
0.164623900463588,0
0.180879713413648,0
0.176861856342809,0
0.175052299212607,0
0.170190097787237,0
0.179392258142513,0
0.16813626949714,0
0.169943189804283,0
0.17324210275879,0
0.172076790886291,0
0.179889195568036,0
0.177195443089818,0
0.178375179949645,0
0.180848857450334,0
0.176195335358849,0
0.177797924214628,0
0.173525518137077,0
0.169198882394485,0
0.169465911400917,0
0.171662377912355,0
0.169204466037485,0
0.170500168861153,0
0.167382343473092,0
0.172461064844234,0
0.173861301710361,0
0.177655417098733,0
0.17417981939165,0
0.166422104739034,0
0.173183639321454,0
0.172260376882745,0
0.177547910941981,0
0.172729706706792,0
0.172704125619718,0
0.174672402272416,0
0.170904281079104,0
0.172119568359001,0
0.174051919624438,0
0.175361286699883,0
0.173037854704172,0
0.170781834401097,0
0.18933411504211,0
0.197148102940791,0
0.205176520812404,0
0.210029434904806,0
0.196623438573098,0
0.202836708382993,0
0.201203572236462,0
0.216258074623694,0
0.193888966115641,0
0.193070343038165,0
0.207916135207745,0
0.209003648273294,0
0.19430632641473,0
0.202860505512182,0
0.199042985566976,0
0.217799974984859,0
0.184984086851615,0
0.198857767838822,0
0.211247920299916,0
0.210498400181604,0
0.178193999170587,0
0.192281046754119,0
0.206107100842147,0
0.209337467168783,0
0.192486881385013,0
0.206474195751209,0
0.209656213599806,0
0.229854476113746,0
0.195359840175171,0
0.205074383314698,0
0.212271472320408,0
0.208893602230923,0
0.185940217120899,0
0.198637526817259,0
0.195145684861404,0
0.217378344024243,0
0.197523356964727,0
0.193757148976711,0
0.196158955034607,0
0.223723844121332,0
0.192752288071029,0
0.201243318688538,0
0.200066259021338,0
0.219787160326369,0
0.197637611226363,0
0.205813434626965,0
0.187973152307781,0
0.209162508249118,0
0.189748690346913,0
0.199317113812423,0
0.194847675169446,0
0.212806220866165,0
0.162152344476195,0
0.162246937526639,0
0.159250809778161,0
0.165500592682899,0
0.158539556409782,0
0.155110262802834,0
0.1635565523913,0
0.160150247115225,0
0.1616527543218,0
0.164150259462468,0
0.161119886529206,0
0.157945981163472,0
0.163976630415328,0
0.161113748601657,0
0.161155533391369,0
0.157410486217318,0
0.162167585087535,0
0.16381371960627,0
0.154163337127519,0
0.159099208648717,0
0.15596420159059,0
0.160722933123972,0
0.161414456860612,0
0.161496104028277,0
0.168130902726737,0
0.162336090090752,0
0.160155179915113,0
0.163945655879603,0
0.158527250593108,0
0.166737617466912,0
0.160816679914793,0
0.157323853862522,0
0.164310868295553,0
0.159183718912137,0
0.151818513636403,0
0.160953634793499,0
0.162708821043387,0
0.163728075968498,0
0.162273799694697,0
0.160761109426471,0
0.163120937765978,0
0.157325711404916,0
0.154647747485735,0
0.158369017521781,0
0.162061473608557,0
0.158406438490616,0
0.160267623337414,0
0.16162899000728,0
0.163718199758635,0
0.16314049424262,0
0.209284959921738,0
0.214301348975085,0
0.216332053551759,0
0.211399572411777,0
0.223077359091547,0
0.207958855171145,0
0.217027262498072,0
0.202575244521438,0
0.209822489638079,0
0.212287515797623,0
0.190512347728922,0
0.206927544122281,0
0.182237847777828,0
0.180979303009404,0
0.212326179631111,0
0.193388749933854,0
0.199862953620044,0
0.207560874564131,0
0.200819858735096,0
0.206207148551527,0
0.129773971304711,0
0.121837064170261,0
0.120183122655077,0
0.13201746241462,0
0.134625551670896,0
0.114476673472514,0
0.112769241426586,0
0.126438849047168,0
0.117349503081724,0
0.104793080310999,0
0.12763305800824,0
0.0912499796669216,0
0.0824037606177626,0
0.124694755473016,0
0.131565984980927,0
0.108888454769572,0
0.0904448086555179,0
0.137507330399356,0
0.113147729574269,0
0.14973092556978,0
0.189613974447218,0
0.200096968294961,0
0.178572502839913,0
0.201805871837687,0
0.203626694520727,0
0.183667260279776,0
0.168794368168998,0
0.151770961732611,0
0.170655914426341,0
0.146023362615033,0
0.131883734383811,0
0.116220922114276,0
0.142056255712406,0
0.143658744830027,0
0.165508946001837,0
